htsfFile,fastqName
/proj/droniolb/HTSF/230405_UNC52-VH01297_38_AACLVMWM5/CH_U49-CrHP1a_GFP_s1_ATATCTCG-ATCTTAGT_S1_L001_R1_001.fastq.gz,CrGFP-HP1a-3LW-wing-CnR-gfp-sup-rep1_R1.fastq.gz
/proj/droniolb/HTSF/230405_UNC52-VH01297_38_AACLVMWM5/CH_U49-CrHP1a_GFP_s1_ATATCTCG-ATCTTAGT_S1_L001_R2_001.fastq.gz,CrGFP-HP1a-3LW-wing-CnR-gfp-sup-rep1_R2.fastq.gz
/proj/droniolb/HTSF/230405_UNC52-VH01297_38_AACLVMWM5/CH_U51-CrV26M_GFP_s1_AACAGGTT-ATACCAAG_S3_L001_R1_001.fastq.gz,CrGFP-HP1chromo-3LW-wing-CnR-gfp-sup-rep1_R1.fastq.gz
/proj/droniolb/HTSF/230405_UNC52-VH01297_38_AACLVMWM5/CH_U51-CrV26M_GFP_s1_AACAGGTT-ATACCAAG_S3_L001_R2_001.fastq.gz,CrGFP-HP1chromo-3LW-wing-CnR-gfp-sup-rep1_R2.fastq.gz
/proj/droniolb/HTSF/230405_UNC52-VH01297_38_AACLVMWM5/CH_U53-CrHP1a_GFP_s2_CAACAATG-CTTCACGG_S5_L001_R1_001.fastq.gz,CrGFP-HP1a-3LW-wing-CnR-gfp-sup-rep2_R1.fastq.gz
/proj/droniolb/HTSF/230405_UNC52-VH01297_38_AACLVMWM5/CH_U53-CrHP1a_GFP_s2_CAACAATG-CTTCACGG_S5_L001_R2_001.fastq.gz,CrGFP-HP1a-3LW-wing-CnR-gfp-sup-rep2_R2.fastq.gz
/proj/droniolb/HTSF/230405_UNC52-VH01297_38_AACLVMWM5/CH_U55-CrV26M_GFP_s2_AGGCAGAG-AGAATGCC_S7_L001_R1_001.fastq.gz,CrGFP-HP1chromo-3LW-wing-CnR-gfp-sup-rep2_R1.fastq.gz
/proj/droniolb/HTSF/230405_UNC52-VH01297_38_AACLVMWM5/CH_U55-CrV26M_GFP_s2_AGGCAGAG-AGAATGCC_S7_L001_R2_001.fastq.gz,CrGFP-HP1chromo-3LW-wing-CnR-gfp-sup-rep2_R2.fastq.gz
/proj/droniolb/HTSF/230405_UNC52-VH01297_38_AACLVMWM5/CH_U57-CrHP1a_GFP_s3_TGCGGCGT-CCTCGGTA_S9_L001_R1_001.fastq.gz,CrGFP-HP1a-3LW-wing-CnR-gfp-sup-rep3_R1.fastq.gz
/proj/droniolb/HTSF/230405_UNC52-VH01297_38_AACLVMWM5/CH_U57-CrHP1a_GFP_s3_TGCGGCGT-CCTCGGTA_S9_L001_R2_001.fastq.gz,CrGFP-HP1a-3LW-wing-CnR-gfp-sup-rep3_R2.fastq.gz
/proj/droniolb/HTSF/230405_UNC52-VH01297_38_AACLVMWM5/CH_U59-CrV26M_GFP_s3_GATCTATC-ATGAGGCT_S11_L001_R1_001.fastq.gz,CrGFP-HP1chromo-3LW-wing-CnR-gfp-sup-rep3_R1.fastq.gz
/proj/droniolb/HTSF/230405_UNC52-VH01297_38_AACLVMWM5/CH_U59-CrV26M_GFP_s3_GATCTATC-ATGAGGCT_S11_L001_R2_001.fastq.gz,CrGFP-HP1chromo-3LW-wing-CnR-gfp-sup-rep3_R2.fastq.gz
